Milton Nelm,9760 Memorial Circle,1749147326,mnelm0@wikispaces.com,Librarian
Rabbi Trevers,5 Sunnyside Park,2145136394,rtrevers1@epa.gov,Mechanical Systems Engineer
Row Rendbaek,20 Sachtjen Crossing,5505596173,rrendbaek2@elegantthemes.com,Nurse
Marten Pentecust,748 Pawling Avenue,7866730736,mpentecust3@shinystat.com,Electrical Engineer
Marty Bonallack,3092 Commercial Street,8596218514,mbonallack4@yolasite.com,Financial Analyst
Geordie Jeffray,6257 Ramsey Trail,9487715708,gjeffray5@nydailynews.com,Human Resources Assistant IV
Verney De Biaggi,848 Dunning Point,9816666391,vde6@qq.com,Software Consultant
Calv Hedingham,71683 Hudson Trail,7898606089,chedingham7@ca.gov,Systems Administrator IV
Dorrie Pettigrew,50309 Oakridge Lane,6149467217,dpettigrew8@businesswire.com,Office Assistant I
Carmina Clohissy,27 Starling Point,2605665627,cclohissy9@mayoclinic.com,Legal Assistant
Robin Jenik,91472 Bay Trail,6017048687,rjenika@sakura.ne.jp,Database Administrator III
Glenda Rubertis,22 Duke Drive,8286384278,grubertisb@flavors.me,Community Outreach Specialist
Perle Conquest,00445 Sheridan Park,8677067734,pconquestc@tinypic.com,Staff Accountant IV
Galen Lindermann,9078 Troy Crossing,9219555020,glindermannd@psu.edu,Food Chemist
Tracee Ivain,2624 Lukken Lane,3949630262,tivaine@ocn.ne.jp,Help Desk Operator
Cherie Purry,8850 Talmadge Court,3821650118,cpurryf@storify.com,Project Manager
Marin Mordecai,602 Monument Court,9278734797,mmordecaig@woothemes.com,Operator
Marv McAllen,8 Monterey Alley,9725249360,mmcallenh@trellian.com,Systems Administrator IV
Valencia Tomasian,8723 Arapahoe Terrace,8846604551,vtomasiani@hc360.com,Research Associate
Giuseppe Coxhead,3 Shasta Court,2247602274,gcoxheadj@artisteer.com,Assistant Manager
