Kerwinn Ryam,90 Moulton Crossing,26663640,kryam0@princeton.edu,true
Nona Schutt,963 Havey Way,5551843294,nschutt1@technorati.com,true
Steward Trippick,20613 Clyde Gallagher Place,8913208204,strippick2@chicagotribune.com,false
Lorettalorna Zeal,3124 Luster Park,1421888639,lzeal3@usatoday.com,false
Cathrin Fritzer,64 Morrow Park,1441735619,cfritzer4@vistaprint.com,true
Jecho Sartain,3587 Debra Place,8132951538,jsartain5@furl.net,true
Carmina Pitcaithly,0 Surrey Place,8755065034,cpitcaithly6@kickstarter.com,false
Gilda Boylund,03911 Fair Oaks Terrace,5098478157,gboylund7@fc2.com,false
Becki Affleck,9 Ruskin Court,3224217637,baffleck8@google.com.br,true
Virgie Perl,399 Eastwood Center,8252202313,vperl9@wired.com,false
Chryste Goseling,0 Melby Place,8928855328,cgoselinga@ustream.tv,false
Hartwell Petrescu,36 Algoma Lane,5322696709,hpetrescub@geocities.jp,false
Humberto Franken,96 Dwight Way,7974383989,hfrankenc@wufoo.com,false
Ellette Aliberti,4 East Avenue,2245220526,ealibertid@xrea.com,true
Paul Joron,2 Green Way,5126775467,pjorone@ycombinator.com,false
Judi Haville,48117 Manitowish Trail,4553593157,jhavillef@mit.edu,false
Davida Hatchard,68187 Moose Lane,5458099684,dhatchardg@ftc.gov,true
Dilan Argent,3097 Arkansas Center,1569961012,dargenth@yahoo.com,false
Moll Fishly,089 Mifflin Center,6918319870,mfishlyi@sciencedaily.com,true
Linnell Moggie,52 Troy Drive,7506309547,lmoggiej@wikipedia.org,true
Kiele Gummary,92337 Service Circle,2652971223,kgummaryk@foxnews.com,true
Marys Athey,2 Larry Drive,3831589674,matheyl@bizjournals.com,false
Filberto Pranger,815 Elgar Avenue,4671569320,fprangerm@washingtonpost.com,true
Taryn Nials,94 Daystar Point,7558935834,tnialsn@xing.com,true
Isadore Rennenbach,2690 Gale Junction,9776598511,irennenbacho@vkontakte.ru,false
Flora De Ferraris,8455 Atwood Drive,4746147017,fdep@alexa.com,true
Bond Twelvetree,20038 Oxford Point,1109739846,btwelvetreeq@sina.com.cn,false
Isidora Pentercost,41 Aberg Parkway,3043344096,ipentercostr@hatena.ne.jp,false
Darby Moreno,71 Nelson Terrace,5845081143,dmorenos@bravesites.com,false
Delmar Binny,87923 Kennedy Avenue,8788489263,dbinnyt@go.com,true
Clair Shadfourth,66 Morning Alley,4065113145,cshadfourthu@blog.com,true
Kym Longfield,108 Di Loreto Avenue,2577666593,klongfieldv@desdev.cn,true
Faunie Rugge,63794 Elmside Trail,2532819690,fruggew@yellowbook.com,false
Vale Chelsom,43 Hanover Drive,3944034783,vchelsomx@china.com.cn,false
Anthony Batrip,9 Gina Road,2825165078,abatripy@surveymonkey.com,false
Rebecka Kondratovich,6 Moland Park,7766072248,rkondratovichz@arizona.edu,false
Mikol Glauber,6 Roth Way,6411906391,mglauber10@scribd.com,false
Tedd Parade,05 Wayridge Avenue,6125671090,tparade11@alexa.com,false
Valeda McKimmey,280 Crescent Oaks Street,8094854885,vmckimmey12@walmart.com,false
Marian Yare,69616 Schlimgen Center,6881141984,myare13@nyu.edu,true
Johnna Mushrow,5 Norway Maple Center,8651991965,jmushrow14@cmu.edu,false
Tony Trevethan,71019 Evergreen Park,8741221785,ttrevethan15@auda.org.au,true
Correy Eustace,8 John Wall Plaza,3118130077,ceustace16@mac.com,true
Barnie Faas,095 Menomonie Court,8034534450,bfaas17@tinyurl.com,false
Vasili Kalinsky,191 Iowa Place,4509591336,vkalinsky18@acquirethisname.com,true
Emmaline Bengefield,80158 Stang Drive,6688416237,ebengefield19@cyberchimps.com,true
Heath Filintsev,5383 Dorton Crossing,5525013007,hfilintsev1a@bandcamp.com,true
Franzen Margaritelli,01861 Paget Plaza,8693856830,fmargaritelli1b@accuweather.com,true
Allyce Hryskiewicz,5086 Stang Center,9294519755,ahryskiewicz1c@t-online.de,true
Desmund Brownfield,0 Manley Place,7934945887,dbrownfield1d@ucoz.com,true
Bobby Wreford,006 Cascade Court,1083672190,bwreford1e@ucoz.com,true
Ham Flacknell,7437 Dixon Point,3288154936,hflacknell1f@loc.gov,false
Tatiana Carnihan,407 Buena Vista Lane,5606991869,tcarnihan1g@amazon.de,true
Leonanie Stoaks,28 Goodland Lane,9922425862,lstoaks1h@icio.us,false
Catlin Blue,95969 Paget Crossing,6711317562,cblue1i@aboutads.info,false
Chalmers Wein,39 Comanche Alley,9133670282,cwein1j@alexa.com,true
Lucretia Hayer,44 Hovde Street,7101598231,lhayer1k@dropbox.com,false
Ripley Bickerdicke,7 Meadow Vale Road,6867591210,rbickerdicke1l@e-recht24.de,true
Humphrey Turbern,66397 Talisman Terrace,4843081589,hturbern1m@stanford.edu,true
Amelia Duley,5 Hollow Ridge Lane,5817019573,aduley1n@wiley.com,true
Charyl Blackaller,9 Bluestem Road,9058817614,cblackaller1o@ca.gov,false
Elaina McLukie,09 Lakewood Gardens Circle,7166567066,emclukie1p@yandex.ru,true
Ofella Bamforth,2521 Warbler Pass,8997666505,obamforth1q@sitemeter.com,true
Alistair Felce,4 Packers Plaza,8766086987,afelce1r@state.tx.us,true
Carroll Padden,315 Brickson Park Hill,5075561919,cpadden1s@wikimedia.org,false
Steffie MacConchie,49376 Dunning Point,7017777367,smacconchie1t@state.tx.us,true
Lemmy Balfour,14410 Lighthouse Bay Plaza,6569838427,lbalfour1u@google.ru,false
Chrissy Curzon,343 Mitchell Court,6413377467,ccurzon1v@weather.com,true
Silvio Poundford,3082 Barnett Trail,9506732000,spoundford1w@businessinsider.com,false
Buckie Lehrahan,1 Sheridan Way,9448573741,blehrahan1x@unc.edu,false
Pru Gomer,1 Oriole Drive,2705585011,pgomer1y@sakura.ne.jp,true
Holly Goulthorp,96 Linden Street,8986605441,hgoulthorp1z@hatena.ne.jp,true
Livvy Patterfield,75570 Homewood Junction,8602785600,lpatterfield20@tiny.cc,true
Rubetta Eginton,558 Village Green Plaza,6516812271,reginton21@google.fr,true
Patin Blondelle,6 Talmadge Pass,7106815088,pblondelle22@hc360.com,false
Kim Coweuppe,9384 Thierer Road,1786929840,kcoweuppe23@ucla.edu,false
Suzanna Looney,16 Tennessee Crossing,1303661732,slooney24@dailymotion.com,true
Lee Jakubovitch,7 Mockingbird Pass,9913168986,ljakubovitch25@slate.com,false
Murdoch Veazey,070 Lindbergh Pass,9237570251,mveazey26@sohu.com,false
Constancy Gossart,13902 Londonderry Point,8726235687,cgossart27@foxnews.com,true
Emelda Leftbridge,34028 Hermina Center,4362905235,eleftbridge28@who.int,false
Aida Bassingden,18499 Arkansas Park,1752708612,abassingden29@utexas.edu,false
Cosme Diben,24 Knutson Place,6168114236,cdiben2a@wikimedia.org,true
Hanna Spieght,34118 Bonner Circle,8784103498,hspieght2b@tinyurl.com,false
Lory Prudence,9 Fremont Hill,3363668346,lprudence2c@ucoz.com,false
Hoyt Jewel,8781 High Crossing Court,4392394971,hjewel2d@usda.gov,true
Edeline Regorz,5411 Goodland Circle,3926005199,eregorz2e@alibaba.com,true
Bealle Grayham,04615 Buena Vista Park,5303314697,bgrayham2f@cbslocal.com,false
Sonia Squier,31798 Namekagon Place,8833444493,ssquier2g@kickstarter.com,false
Hendrika Soldan,2881 Anzinger Alley,7246854330,hsoldan2h@ustream.tv,true
Nadeen Scadding,57 Luster Court,8113216847,nscadding2i@europa.eu,true
Nissy Masserel,14112 Bluestem Terrace,4361124196,nmasserel2j@bbc.co.uk,true
Garner Sibray,23700 Garrison Park,5989084320,gsibray2k@marriott.com,false
Abbie Constantine,8 Morrow Way,2703151495,aconstantine2l@ucoz.ru,true
Susy Hayfield,13846 Utah Point,1502810145,shayfield2m@amazon.co.uk,false
Ambrose Hebblewaite,78988 Southridge Parkway,6615556237,ahebblewaite2n@ibm.com,true
Karrie Debill,6 Butternut Terrace,9884035770,kdebill2o@g.co,true
Tildie Skyner,435 Westend Trail,9783503527,tskyner2p@delicious.com,true
Leanora Heck,24150 Larry Circle,5528233315,lheck2q@newyorker.com,false